Item,Availability,ASIN,Price,Brand,Title,LeafCat,FullCat
24,"0,4752373543",B00004Z498,"3,62",Scotch,"3M Scotch Mounting Tape, .5-Inch by 75-Inch (110)",Mounting Tape,"Office Products/Office & School Supplies/Tape, Adhesives & Fasteners/Velcro & Mounting Products/Mounting Tape"
30,"0,5438468862",B00004Z5QO,"8,16",Avery,"Avery Easy Peel Return Address Labels for Inkjet Printers, 0.5 x 1.75 Inches, White, Pack of 2000 (08167)",Printer Labels: Laser & Inkjet,"Office Products/Office & School Supplies/Labels, Indexes & Stamps/Labels & Stickers/Printer Labels: Laser & Inkjet"
35,"0,3360807817",B00004Z5SN,"8,22",Avery,"Avery Easy Peel Address Labels for Laser Printers, 1 x 2.625 Inches, White, Pack of 750 (05260)",Address Labels,"Office Products/Office & School Supplies/Labels, Indexes & Stamps/Labels & Stickers/Address Labels"
41,"0,5644930463",B00004Z69W,"15,96",Avery,"Avery Easy Peel Address Labels for Inkjet Printers, 1 x 2.625 Inches, Clear, Pack of 750 (08660)",Address Labels,"Office Products/Office & School Supplies/Labels, Indexes & Stamps/Labels & Stickers/Address Labels"
45,"0,9089221363",B0000538AC,"4,39",Scotch,"Scotch(R) Gift Wrap Tape, 0.75 x 300 Inches, 3 Pack (311)",Transparent Tape,"Office Products/Office & School Supplies/Tape, Adhesives & Fasteners/Tape/Transparent Tape"
71,"0,5181379416",B00006B8G0,"9,2",Avery,"Avery&reg; White Shipping Labels for Laser Printers with  TrueBlock(TM) Technology, 2 inches x 4 inches, Pack of 250 (5263)",Shipping Labels,"Office Products/Office & School Supplies/Labels, Indexes & Stamps/Labels & Stickers/Shipping Labels"
72,"0,3899469349",B00006B8GI,"59,99",Avery,Avery Index Maker Clear Label Dividers with 5 White Tabs 25 Count (11446),Binder Index Dividers,"Office Products/Office & School Supplies/Labels, Indexes & Stamps/Index Dividers/Binder Index Dividers"
103,"0,7268125432",B00006IBV7,"10,53",Avery,"Avery Two-Side Printable Clean Edge Business Cards for Inkjet Printers, Matte, White, Pack of 200 (08871)",Business Cards,Office Products/Office & School Supplies/Paper/Cards & Card Stock/Business Cards
124,"0,6132159815",B00006ICEM,"3,14",Wilson Jones,"Wilson Jones Insertable Tab Dividers, Multicolor Tabs , 8-Tabs, 1 Set (W54311A)",Binder Index Dividers,"Office Products/Office & School Supplies/Labels, Indexes & Stamps/Index Dividers/Binder Index Dividers"
129,"0,4061774205",B00006IDMJ,"4,34",Five Star,"Five Star Spiral Notebook, College Ruled, 1 Subject, 8.5 x 11 Inches, 100 Sheets, Assorted Colors (06206)",Wirebound Notebooks,Office Products/Office & School Supplies/Paper/Notebooks & Writing Pads/Wirebound Notebooks
133,"0,5644930463",B00006IDV6,"3,47",Mead,"Five Star Reinforced Filler Paper, Wide Ruled, 110 ct (15106)",Filler Paper,Office Products/Office & School Supplies/Paper/Filler Paper
186,"0,4545015465",B00006IF5Q,"6,84",3M,3M 1.5&quot; See-Through Book Repair Tape,Transparent Tape,"Office Products/Office & School Supplies/Tape, Adhesives & Fasteners/Tape/Transparent Tape"
189,"0,5181379416",B00006IF6J,"8,4",Scotch,"Scotch High Performance Masking Tape 232 Tan, 18 mm x 54.999 m (Pack of 1)",Transparent Tape,"Office Products/Office & School Supplies/Tape, Adhesives & Fasteners/Tape/Transparent Tape"
191,"0,438503157",B00006IF70,"16,57",Scotch,"Scotch Filament Tape 893 Clear, 48 mm x 55 m (Pack of 1)",Packing Tape,"Office Products/Office & School Supplies/Envelopes, Mailers & Shipping Supplies/Packing Materials/Packing Tape"
221,"0,3567661956",B00006IFKW,"10,91",Swingline,"Swingline Standard Stapler Value Pack, Includes Stapler, 5000 Count Staples and Staple Remover, Black (S70754551H)",Desktop Staplers,Office Products/Office & School Supplies/Staplers & Punches/Manual Staplers/Desktop Staplers
256,"0,6714439711",B00007L6BZ,"3,72",Scotch,"Scotch Super Strength Packaging Tape, 1.88 Inch x 38.2 Yards (3850S-RD)",Packing Tape,"Office Products/Office & School Supplies/Envelopes, Mailers & Shipping Supplies/Packing Materials/Packing Tape"
257,"0,7714083718",B00007L6C2,"11,18",3M,"Scotch Tear-by-Hand Tape, 1.88 Inches x 50 Yards, 2-Pack (3842-2)",Packing Tape,"Office Products/Office & School Supplies/Envelopes, Mailers & Shipping Supplies/Packing Materials/Packing Tape"
281,"0,5320220234",B000093L25,"5,09",ACCO Brands,"ACCO Rubber Band Ball, 275 Bands Per Ball, Assorted Colors, 1/Box (72155)",Rubber Bands,"Office Products/Office & School Supplies/Tape, Adhesives & Fasteners/Rubber Bands"
298,"0,5320220234",B0000AQNWI,"11,84",,"Wilson Jones 362 Line Basic Round Ring View Binder 3 Inch Capacity, 8.5 x 11 Inch Sheet Size, Dark Blue (W362-49BL)",Round Ring Binders,Office Products/Office & School Supplies/Binders & Binding Systems/Binders/Round Ring Binders
305,"0,5320220234",B0000AQONK,"9,71",Mead,MeadCambridge Limited Action Planner Business Notebook (06064),Wirebound Notebooks,Office Products/Office & School Supplies/Paper/Notebooks & Writing Pads/Wirebound Notebooks
327,"0,4061774205",B00015YRCG,"12,86",Wilson Jones,"Wilson Jones Heavy Weight Top-Loading Sheet Protectors, Clear, 100/Box (W21411)","Sheet Protectors, Card & Photo Sleeves","Office Products/Office & School Supplies/Binders & Binding Systems/Binder Accessories/Sheet Protectors, Card & Photo Sleeves"
417,"0,4924348",B0006OF5MI,"14,33",Wilson Jones,"Wilson Jones Favorite Desk File/Sorter, A-Z Index, 10 x 12 Inches, Burgundy (WCC3C)",File Sorters,Office Products/Office & School Supplies/Filing Products/File Sorters
419,"0,8288624778",B0006SV7Q2,"5,15",Avery,"Avery Durable View Binder with 1-Inch Slant Ring, Holds 8.5 x 11 Inches Paper, White, 1 Binder (17012)",View Binders,Office Products/Office & School Supplies/Binders & Binding Systems/Binders/View Binders
423,"0,860813067",B0006VQBTW,"5,58",ACCO Brands,"Quartet ReWritables Mini Dry-Erase Markers, Magnetic, Assorted Classic Colors, 6 Pack (51-659312Q)",Erasable Markers,Office Products/Office & School Supplies/Writing & Correction Supplies/Markers & Highlighters/Erasable Markers
435,"0,5922578664",B0007L1VO6,"7,16",BIC,"BIC Mark-It Color Collection Permanent Markers, Fine Point, Assorted, 12 Markers",Permanent Markers,Office Products/Office & School Supplies/Writing & Correction Supplies/Markers & Highlighters/Permanent Markers
454,"0,9280606756",B0009F3P3U,"4,86",Scotch,"Scotch Magic Tape , 3/4 x 300 Inches, 3 Pack  (3105)",Transparent Tape,"Office Products/Office & School Supplies/Tape, Adhesives & Fasteners/Tape/Transparent Tape"
482,"0,8500418235",B000ANLD1M,"10,67",Avery,"Avery Shipping Labels with TrueBlock Technology, Inkjet Printers, 5.5 x 8.5 Inches, White, Pack of 50 (8126)",Shipping Labels,"Office Products/Office & School Supplies/Labels, Indexes & Stamps/Labels & Stickers/Shipping Labels"
517,"0,8500418235",B000E7D72C,"0,01",Quartet,"Quartet 5001M EnduraGlide Chisel Tip Dry Erase Marker - 4 Pack, Assorted Colors",Erasable Markers,Office Products/Office & School Supplies/Writing & Correction Supplies/Markers & Highlighters/Erasable Markers
540,"0,6978870231",B000FH1J6C,"9,99",Avery,Avery Nonstick Heavy-Duty EZD Reference View 2 Inch White Binder (79192),View Binders,Office Products/Office & School Supplies/Binders & Binding Systems/Binders/View Binders
603,"0,8030567132",B000I0VMMC,"7,74",Sharpie,"Sharpie Accent Retractable Highlighters, Assorted, Fine Point, 8/Pack",Highlighters,Office Products/Office & School Supplies/Writing & Correction Supplies/Markers & Highlighters/Highlighters
619,"0,3446967721",B000J05GKA,"41,63",Paper Pro,PaperPro 1210 Professional 65 Sheet Stapler,Heavy-Duty Staplers,Office Products/Office & School Supplies/Staplers & Punches/Manual Staplers/Heavy-Duty Staplers
620,"0,8253791357",B000J07BRQ,"17,42",Scotch,"Scotch Heavy Duty Packaging Tape, 1.88 Inches x 800 Inches, 6 Rolls (142-6)",Packing Tape,"Office Products/Office & School Supplies/Envelopes, Mailers & Shipping Supplies/Packing Materials/Packing Tape"
670,"0,9815597886",B000MFHX3U,"7,67",3M,"3M Whiteboard Eraser for Whiteboards, 2-Pack",Dry Erase Boards,Office Products/Office & School Supplies/Presentation Boards/Dry Erase Boards
756,"0,8772003502",B000TS9ITM,"18,3",Smead,"Smead Hanging FasTab Folder, Legal, 1/3 Cut Tab, Moss, 20 per Box (64083)",Hanging Folders & Interior Folders,Office Products/Office & School Supplies/Filing Products/Folders/Hanging Folders & Interior Folders
779,"0,5181379416",B000V9A0Q4,"5,22",,"Quartet Magnetic Push Pins, High Power Magnets, Bright Colors, 10 Pack (MPPCB)",Pins & Tacks,"Office Products/Office & School Supplies/Tape, Adhesives & Fasteners/Pins & Tacks"
795,"0,9574489927",B000WU4H5C,"19,11",3M,"3M Gel Wrist Rest for Keyboard with Leathette Cover and Antimicrobial Product Protection, 19 in x 2.8 in, Black",Wrist Rests,Office Products/Office & School Supplies/Desk Accessories & Workspace Organizers/Mouse Pads & Wrist Rests/Wrist Rests
806,"0,9397171379",B000XSPEPA,"3,75",Scotch,"Scotch PopUp Tape Handband Dispenser, 0.75 x 2 Inches, 75 Strips per Pad, 1 Pad per Pack (Colors May Vary) (96-G)",Office Tape Dispensers,"Office Products/Office & School Supplies/Tape, Adhesives & Fasteners/Tape Dispensers/Office Tape Dispensers"
817,"0,7845945245",B000ZHB2HS,"14,77",3M,"3M Precise Mouse Pad, Leatherette Gel Wrist Rest, Antimicrobial Protection, Battery Saving, 9.25 in x 8.75 in, Black",Wrist Rests,Office Products/Office & School Supplies/Desk Accessories & Workspace Organizers/Mouse Pads & Wrist Rests/Wrist Rests
825,1,B0010T3QT2,"7,9",Quality Park,"Quality Park Reveal-N-Seal Envelope, #10, 4-1/8 x 9.5 Inches, White, 40 Envelopes (67012)",Envelopes,"Office Products/Office & School Supplies/Envelopes, Mailers & Shipping Supplies/Envelopes"
829,"0,3899469349",B0010XUO52,"3,6",Mead,"Mead 3 x 5-Inch Index Cards, Ruled, 100 Count, White (63350)",Index Cards,Office Products/Office & School Supplies/Paper/Cards & Card Stock/Index Cards
837,"0,7145044111",B0011EK90K,"4,17",Scotch,"3M  Display Pocket, Removable Fasteners, 8.5 X 11 Inches, Clear Plastic (MMMWL854C)",Laminating Supplies,Office Products/Office Electronics/Presentation Products/Laminating Supplies
862,"0,6557317149",B0013C7K1Q,,,"3M Mouse Pad with Gel Wrist Rest, Sunrise Design (MW308SR)",Wrist Rests,Office Products/Office & School Supplies/Desk Accessories & Workspace Organizers/Mouse Pads & Wrist Rests/Wrist Rests
863,"0,438503157",B0013C7V24,2,Scotch,"Scotch&reg; Laminating Sheets LS854SS-10, 9 Inches x 12 Inches, Letter Size, Single Sided",Laminating Supplies,Office Products/Office Electronics/Presentation Products/Laminating Supplies
952,"0,4752373543",B001A1PKEY,"11,8",Wilson Jones,"Wilson Jones Big Mouth Filer, Vertical Orientation, Dark Blue (W68583)",Expanding File Jackets & Pockets,Office Products/Office & School Supplies/Filing Products/File & Folder Accessories/File Jackets & File Pockets/Expanding File Jackets & Pockets
995,"0,8201788222",B001BM2M8Y,"8,6",Scotch,"Scotch Easy-Grip Tape Dispenser, 1.88 Inches x 600 Inches ( DP-1000)",Transparent Tape,"Office Products/Office & School Supplies/Tape, Adhesives & Fasteners/Tape/Transparent Tape"
1004,"0,5922578664",B001CE3AQY,"15,47",Swingline,"Swingline LightTouch Reduced Effort Stapler, 50% Easier, 20 Sheets, Black (S7066402)",Desktop Staplers,Office Products/Office & School Supplies/Staplers & Punches/Manual Staplers/Desktop Staplers
1032,"0,6445133104",B001DPSUUI,23,Fellowes,"Fellowes Hot Laminating Pouches, Letter, 5 mil, 100 Pack (52040)",Laminating Supplies,Office Products/Office Electronics/Presentation Products/Laminating Supplies
1041,"0,3899469349",B001E6BWVK,"7,49",Mead,Mead Cambridge Limited QuickNotes Business Notebook  (6066),Wirebound Notebooks,Office Products/Office & School Supplies/Paper/Notebooks & Writing Pads/Wirebound Notebooks
1079,"0,8662446176",B001HA0N2M,"0,99",Quartet,"Quartet EnduraGlide Fine Tip Dry-Erase Markers, Assorted Colors, 4 Pack (5001-10M)",Erasable Markers,Office Products/Office & School Supplies/Writing & Correction Supplies/Markers & Highlighters/Erasable Markers
1118,"0,5644930463",B001OHWSBM,"29,33",Avery,"Avery White Repositionable Address Labels for Laser Printers, 1 x 2.625 Inches, Box of 3000 (55160)",Address Labels,"Office Products/Office & School Supplies/Labels, Indexes & Stamps/Labels & Stickers/Address Labels"
1136,"0,3751565839",B001PMHURI,"12,13",Avery,"Avery White Repositionable Shipping Labels for Inkjet Printers, 2 x 4 Inches, Box of 250 (58163)",Address Labels,"Office Products/Office & School Supplies/Labels, Indexes & Stamps/Labels & Stickers/Address Labels"
1148,"0,9242042063",B001PV36V8,"3,92",Post-It,"Post-it Tabs, 2-Inch Lined, 4 Assorted Bright Colors, 6-Tabs/Color, 24-Tabs/Pack",Tape Flags,"Office Products/Office & School Supplies/Labels, Indexes & Stamps/Tape Flags"
1203,"0,9127211784",B0026ICM1E,"5,24",Uni-ball,uni-ball KuruToga Mechanical Pencil Starter Set (1751934),Mechanical Pencils,Office Products/Office & School Supplies/Writing & Correction Supplies/Pencils/Mechanical Pencils
1217,"0,9917662052",B0027CTFBO,"21,79",Fellowes,"Bankers Box SmoothMove Moving and Storage Boxes, Small, 10 Pack (0062701)",Box Mailers,"Office Products/Office & School Supplies/Envelopes, Mailers & Shipping Supplies/Mailers/Box Mailers"
1224,"0,4924348",B00290FKOU,"8,49",Mead,"Mead RediSpace Transitional NoteBook Paper, Stage 4, 10.5 x 8 Inches, 50 Count (48018)",Letter & Legal Ruled Pads,Office Products/Office & School Supplies/Paper/Notebooks & Writing Pads/Letter & Legal Ruled Pads
1240,"0,6013463792",B002CRKUZO,"3,26",Post-It,"Post-it Durable IndexTabs, 1 Inch, Ideal For Binders and File Folders, Assorted Bright Colors, 36 per Dispenser (686-RYBT)",Tab Inserts,"Office Products/Office & School Supplies/Labels, Indexes & Stamps/Index Tabs & Tab Inserts/Tab Inserts"
1241,"0,5794886791",B002E3AI0I,"63,1",Kensington,Kensington Wireless Presenter with Laser Pointer and 2 GB Built-in Memory (Black),Presentation Remotes,Office Products/Office Electronics/Presentation Products/Presentation Pointers/Presentation Remotes
1243,"0,9358170931",B002ECFIDG,"7,85",Avery,"Avery Removable Label Pad, 1 x 3 Inches, Assorted, Neon, 120 Labels (22010)",Removable Labels,"Office Products/Office & School Supplies/Labels, Indexes & Stamps/Labels & Stickers/Removable Labels"
1244,"0,7648903844",B002ECFILI,"4,88",Avery,"Avery To/From Shipping Label Pad, 40 Labels (45280)",Shipping Labels,"Office Products/Office & School Supplies/Labels, Indexes & Stamps/Labels & Stickers/Shipping Labels"
1245,"0,7714083718",B002ECFIMC,"3,95",Avery,"Avery Assorted File Folder Label Pad, 1/3 Cut, 160 Labels (45215)",File Folder Labels,"Office Products/Office & School Supplies/Labels, Indexes & Stamps/Labels & Stickers/File Folder Labels"
1266,"0,3360807817",B002HI9RKM,"13,47",Pendaflex,"Sure Hook Hanging File Folder, Assorted ( Blue, Red, Yellow, Bright Green, Orange), Letter, 20 Folders Per Box, 6152 1/5 Asst",Hanging Folders & Interior Folders,Office Products/Office & School Supplies/Filing Products/Folders/Hanging Folders & Interior Folders
1280,"0,7488117171",B002JG0DMS,"8,52",Avery,"Avery Internet Shipping Labels, Ink Jet and Laser, Brown Kraft, 50 Labels (5783)",Shipping Labels,"Office Products/Office & School Supplies/Labels, Indexes & Stamps/Labels & Stickers/Shipping Labels"
1292,"0,9734628263",B002K9GOPE,35,3M,"3M Permanent Adhesive Address Labels, 1 x 2.62 Inches, White, 3000 per Pack (3100-B)",Address Labels,"Office Products/Office & School Supplies/Labels, Indexes & Stamps/Labels & Stickers/Address Labels"
1294,"0,9674296083",B002K9IHJK,"4,99",,"Post-it&reg; Super Sticky Removable Label Pads, Assorted Neon Colors and Sizes, 16 Pads, 400 Labels per Pack (2900-M16)",Mouse Pads,Office Products/Office & School Supplies/Desk Accessories & Workspace Organizers/Mouse Pads & Wrist Rests/Mouse Pads
1295,"0,5794886791",B002K9KEKK,,,"Post-It Super Sticky Removable Color Coding Labels, 2 x 4 Inches, Assorted Neon, 150 per Pack (2700-W)",Removable Labels,"Office Products/Office & School Supplies/Labels, Indexes & Stamps/Labels & Stickers/Removable Labels"
1296,"0,9815597886",B002K9M6OW,,,"Post-it Super Sticky Removable Color Coding Labels, 1 Inch x 2 5/8-Inch, Assorted Neon, Laser, 450 Labels per Pack (2700-P)",Store Signs,Office Products/Office & School Supplies/Store Signs & Displays/Store Signs
1297,"0,9455946368",B002K9M7MS,,,"3M Permanent Adhesive Shipping Labels, 2 x 4 Inches, White, 2500 per Pack (3100-U)",Shipping Labels,"Office Products/Office & School Supplies/Labels, Indexes & Stamps/Labels & Stickers/Shipping Labels"
1298,"0,7979831906",B002K9M8RC,"9,99",,"3M Permanent Adhesive File Folder Labels, 0.66 x 3.437 Inches, White, 1500 per Pack (3300-F)",File Folder Labels,"Office Products/Office & School Supplies/Labels, Indexes & Stamps/Labels & Stickers/File Folder Labels"
1299,"0,9574489927",B002K9PIKG,,,"3M Permanent Adhesive Return Address Labels, 1/2&quot; X 1 3/4&quot;  Inches White, Laser, 2000 labels per pack (3100-Q)",Address Labels,"Office Products/Office & School Supplies/Labels, Indexes & Stamps/Labels & Stickers/Address Labels"
1300,"0,9515052",B002K9XU0Q,,,"Post-it&reg; Super Sticky Removable File Folder Labels, 0.66 x 3.437 Inches, White, 1500 per Pack (2100-F)",File Folder Labels,"Office Products/Office & School Supplies/Labels, Indexes & Stamps/Labels & Stickers/File Folder Labels"
1317,"0,901366717",B002M7VZXA,"15,16",,"Avery NoteTabs, 2 x 1.5 Inches, Neon Blue and Magenta, 40 per pack (16293)",Removable Labels,"Office Products/Office & School Supplies/Labels, Indexes & Stamps/Labels & Stickers/Removable Labels"
1319,"0,6557317149",B002M7W19C,"0,25",Avery,"Avery PocketTabs, 5.125 x 6 Inches, CD Size, Lime and Blue, 5 per pack (16362)",Removable Labels,"Office Products/Office & School Supplies/Labels, Indexes & Stamps/Labels & Stickers/Removable Labels"
1322,"0,3567661956",B002M7XQ2S,"32,97",Westcott,"Westcott Soft Handle Kids Scissors with Anti-microbial Protection, Assorted Colors, 5-Inch Blunt, 12 Pack (14873)",Students Scissors,Office Products/Office & School Supplies/Education & Crafts/Students Scissors
1323,"0,8662446176",B002M7XXAI,"0,69",,"Avery NoteTabs, 3 x 1.5 Inches, Neon Blue and Magenta, 16 per pack (16299)",Removable Labels,"Office Products/Office & School Supplies/Labels, Indexes & Stamps/Labels & Stickers/Removable Labels"
1324,"0,8772003502",B002M7XXZ8,"12,49",Avery,"Avery NoteTabs, 3 x 3.5 Inches, Pastel Blue, 20 per pack (16330)",Removable Labels,"Office Products/Office & School Supplies/Labels, Indexes & Stamps/Labels & Stickers/Removable Labels"
1326,"0,8393920334",B002M8177I,"0,01",Avery,"Avery&reg; NoteTabs(TM) 3 inch x 7.5 inch, Perforated, Cool Blue and Green, 6 per pack",Removable Labels,"Office Products/Office & School Supplies/Labels, Indexes & Stamps/Labels & Stickers/Removable Labels"
1327,"0,4230133906",B002M835C8,"3,27",Avery,"Avery PocketTabs, 5.125 x 8.315 Inches, Half-Page Size, Pastel Blue, 5 per pack (16365)",Removable Labels,"Office Products/Office & School Supplies/Labels, Indexes & Stamps/Labels & Stickers/Removable Labels"
1328,"0,7069074125",B002M835HI,"12,5",Avery,"Avery Shipping Label with Paper Receipt, Laser, TrueBlock Technology, White, 25 Sheets  (5327)",Shipping Labels,"Office Products/Office & School Supplies/Labels, Indexes & Stamps/Labels & Stickers/Shipping Labels"
1330,"0,5045808124",B002M838PC,"15,5",Wilson Jones,"Wilson Jones Pink 7 Pocket Filer, Durable Poly, Buckle Closure, Carrying Handle (W61012)",Expanding File Jackets & Pockets,Office Products/Office & School Supplies/Filing Products/File & Folder Accessories/File Jackets & File Pockets/Expanding File Jackets & Pockets
1342,"0,8976102452",B002NU5ND4,"0,64",Avery,"Avery NoteTabs Round Edge, 2 x 1.5 Inches, Citrus, 20 per pack (16306)",Removable Labels,"Office Products/Office & School Supplies/Labels, Indexes & Stamps/Labels & Stickers/Removable Labels"
1362,"0,6132159815",B002R5AENE,"9,76",Paper Mate,"Paper Mate Medium Point Retractable Gel Pens, 8 Colored Ink Pens (1746323)",Rollerball Pens,Office Products/Office & School Supplies/Writing & Correction Supplies/Pens & Refills/Rollerball Pens
1365,"0,3567661956",B002R5ARLI,"3,99",Mead,"Number Stories WorkBook, Stage Two, 10 x 8 Inches, 40 Count (48022)",Letter & Legal Ruled Pads,Office Products/Office & School Supplies/Paper/Notebooks & Writing Pads/Letter & Legal Ruled Pads
1366,"0,3899469349",B002R5ARNG,"9,97",Mead,"Mead Early Learning Idea builders, Stage Three, 10 x 8 Inches, 48 Sheets",Letter & Legal Ruled Pads,Office Products/Office & School Supplies/Paper/Notebooks & Writing Pads/Letter & Legal Ruled Pads
1377,"0,7488117171",B002V3SSBW,"5,14",Smead,"Smead Easy Slide Tab, 1/3-Cut, Clear, 18 Per Pack (64626)",Index Tabs,"Office Products/Office & School Supplies/Labels, Indexes & Stamps/Index Tabs & Tab Inserts/Index Tabs"
1379,"0,6375898262",B002VUCCNU,"8,41",Avery,"Avery Inkjet Shipping Labels with Paper Receipts, 5.5 x 8.5 Inch, White, Pack of 25 Labels with 25 Receipts (8127)",Shipping Labels,"Office Products/Office & School Supplies/Labels, Indexes & Stamps/Labels & Stickers/Shipping Labels"
1387,"0,6860210042",B002XYO84U,"6,5",Post-It,"Post-it Greener Notes, 3 x 3-Inches, Sunwashed Pier Collection, 6-Pads/Pack",Self-Stick Notes,Office Products/Office & School Supplies/Paper/Notebooks & Writing Pads/Self-Stick Notes
1389,"0,4924348",B003081QWA,"7,18",Wilson Jones,"Wilson Jones View-Tab Transparent Dividers, Extra Wide, 5-Tab Set, Multicolor Square Tabs (W55069)",Binder Index Dividers,"Office Products/Office & School Supplies/Labels, Indexes & Stamps/Index Dividers/Binder Index Dividers"
1410,"0,5922578664",B0033UU1J4,"24,79",Acme United,"Westcott iPoint Evolution Electric Pencil Sharpener, White and Silver",Pencil Sharpeners,Office Products/Office & School Supplies/Writing & Correction Supplies/Pencil Sharpeners
1412,"0,3899469349",B00347A85S,"24,95",,"BIC Dry Erase Marker Kit 5 markers, whiteboard cleaner and whiteboard Eraser Assorted",Erasable Markers,Office Products/Office & School Supplies/Writing & Correction Supplies/Markers & Highlighters/Erasable Markers
1420,"0,9455946368",B0035FX5MC,"5,49",Post-It,"Post-it Pop-up Notes Dispenser for 3 x 3-Inch Notes, Wall or Desk Mountable",Self-Stick Note Pad Holders,Office Products/Office & School Supplies/Desk Accessories & Workspace Organizers/Desk Supplies Holders & Dispensers/Self-Stick Note Pad Holders
1451,"0,9876722328",B0039N3QFQ,"3,99",Scotch,"Scotch(R) Pop-Up Tape Refillable Deskgrip Dispenser, 0.75 x 2 Inches (98-G)",Transparent Tape,"Office Products/Office & School Supplies/Tape, Adhesives & Fasteners/Tape/Transparent Tape"
1453,"0,9734628263",B0039N3QO2,"3,9",Scotch,"Scotch Restickable Tabs, 1 x 1 Inches, 18 Squares (R100)",Mounting Tape,"Office Products/Office & School Supplies/Tape, Adhesives & Fasteners/Velcro & Mounting Products/Mounting Tape"
1454,"0,6714439711",B0039N7EI6,3,Scotch,"Scotch Tape with New Designer Dispenser, Assorted Colors, 0.75 x 300 inches (106)",Transparent Tape,"Office Products/Office & School Supplies/Tape, Adhesives & Fasteners/Tape/Transparent Tape"
1455,"0,995875444",B0039N7ELS,"6,19",Unknown,"Scotch Adhesive Dot Roller, 0.31 x 49 Feet (6055)",Mounting Tape,"Office Products/Office & School Supplies/Tape, Adhesives & Fasteners/Velcro & Mounting Products/Mounting Tape"
1456,"0,6860210042",B0039N7EOA,"3,85",Scotch,"Scotch Restickable Strips, 1  x 3 Inches, 6 Strips (R101)",Mounting Tape,"Office Products/Office & School Supplies/Tape, Adhesives & Fasteners/Velcro & Mounting Products/Mounting Tape"
1461,"0,7145044111",B003BHFCS4,6,,"Post-it Super Sticky Removeable Label Roll, 1 x 700 Inches, Green (2600-G)",Removable Labels,"Office Products/Office & School Supplies/Labels, Indexes & Stamps/Labels & Stickers/Removable Labels"
1462,"0,7268125432",B003BHLMMY,3,Post-It,"Post-it Note Tabs, 3-3/8 x 2-3/4-Inches, Green and Blue, Lined Paper, 25-Sheets/Pad, 2-Pads/Pack",Mouse Pads,Office Products/Office & School Supplies/Desk Accessories & Workspace Organizers/Mouse Pads & Wrist Rests/Mouse Pads
1481,"0,4230133906",B003FGWCPM,"6,5",BIC,"BIC Great Erase Grip &quot;Pocket&quot; Dry Erase Marker, Fine Point, Assorted, 6 Dry Erase Markers (GDEP61-Ast)",Erasable Markers,Office Products/Office & School Supplies/Writing & Correction Supplies/Markers & Highlighters/Erasable Markers
1482,"0,9634261808",B003FHBPRM,"5,89",Post-It,"Post-it Pop-up Notes Laptop Dispenser for 3 x 3-Inch Notes, Bright Pink, Green, and Gray, 3-Dispensers/Pack",Self-Stick Note Pad Holders,Office Products/Office & School Supplies/Desk Accessories & Workspace Organizers/Desk Supplies Holders & Dispensers/Self-Stick Note Pad Holders
1483,"0,9203621656",B003FHF98S,"14,99",,Scotch(R) Pop-Up Tape Dispenser and Refills (96-94 PK),Transparent Tape,"Office Products/Office & School Supplies/Tape, Adhesives & Fasteners/Tape/Transparent Tape"
1490,"0,7600344676",B003H04A42,1,Post-It,"Post-it Super Sticky Pad Labels, Pink, Limeade 1 7/8-inch x 2 7/8-inch, 25 Sheets per Pad, One Pad of each Color (2900-PGB)",Mouse Pads,Office Products/Office & School Supplies/Desk Accessories & Workspace Organizers/Mouse Pads & Wrist Rests/Mouse Pads
1497,"0,7377383322",B003I5YFZA,"11,99",Expo,Neon Markers and Magnetic Dry Erase Black Board Combo Pack,Dry Erase Boards,Office Products/Office & School Supplies/Presentation Boards/Dry Erase Boards
1500,"0,4545015465",B003IBHM40,"3,2",Wilson Jones,"Wilson Jones Recycled Bliss Dividers, 5-Tab, Assorted Designs (W31504)",Binder Index Dividers,"Office Products/Office & School Supplies/Labels, Indexes & Stamps/Index Dividers/Binder Index Dividers"
1510,"0,5045808124",B003KGBGO0,"8,25",Quartet,"Quartet ReWritables Daily Quick List Magnets with Marker, 5 x 8 Inches, 2 Pack (79228)",Erasable Markers,Office Products/Office & School Supplies/Writing & Correction Supplies/Markers & Highlighters/Erasable Markers
1518,"0,7796261324",B003MVPQN0,"5,37",Scotch,"Scotch Sure Start Shipping Packaging Tape with Dispenser, 1.88 Inches x 38.2 Yards, 1 Roll with Dispenser (3450S-RD)",Packaging Tape Dispensers,"Office Products/Office & School Supplies/Tape, Adhesives & Fasteners/Tape Dispensers/Packaging Tape Dispensers"
1523,"0,5794886791",B003NSB0C8,"6,92",,"Mead Spiral Notebook, 1-Subject, 70-Count, Wide Ruled, Light Blue (05510)",Wirebound Notebooks,Office Products/Office & School Supplies/Paper/Notebooks & Writing Pads/Wirebound Notebooks
1524,"0,5320220234",B003O2RXL0,"9,99",Five Star,"Five Star Wirebound Notebook, 5-Subject, 200 College-Ruled Sheets, 11 x 8.5 Inch Sheet Size, Black (72081)",Wirebound Notebooks,Office Products/Office & School Supplies/Paper/Notebooks & Writing Pads/Wirebound Notebooks
1529,"0,4545015465",B003OCQOLA,"7,19",Five Star,"Five Star 6-Pocket Expanding File, 13 x 9.38 Inches, Black (72391)",Expanding File Jackets & Pockets,Office Products/Office & School Supplies/Filing Products/File & Folder Accessories/File Jackets & File Pockets/Expanding File Jackets & Pockets
1531,"0,3567661956",B003OCW702,"17,45",,"Five Star Flex Hybrid NoteBinder, 1-Inch Capacity, Customizable Cover, 11.5 x 10.75 x 1.25 Inches, Pink (72345)",D-Ring Binders,Office Products/Office & School Supplies/Binders & Binding Systems/Binders/D-Ring Binders
1573,"0,3276591058",B003WP2UOY,"10,2",Paper Pro,"PaperPro 3-Hole Punch, 12 Sheet Capacity (2101)",Desktop Staplers,Office Products/Office & School Supplies/Staplers & Punches/Manual Staplers/Desktop Staplers
1627,"0,8030567132",B004412E8W,"11,89",Smead,"Smead SuperTab Heavyweight File Folder, 14 Point, Letter Size, 1/3 Cut Tab, Manila, 50 Per Box (10401)",Manila,Office Products/Office & School Supplies/Filing Products/Folders/File Folders/Manila
1633,"0,7145044111",B0045Z4PGQ,"3,41",Avery,"Avery Plastic Durable Write-On Dividers, 5.5 x 8.5 Inches, 5 Tabs, 1 Set (16180)",Binder Index Dividers,"Office Products/Office & School Supplies/Labels, Indexes & Stamps/Index Dividers/Binder Index Dividers"
1638,"0,4061774205",B00466DTE8,"7,91",Avery,"Avery Protect and Store View Binder with 1 Inch EZ-Turn Ring, 5.5 x 8.5 Inches , White (23011)",Round Ring Binders,Office Products/Office & School Supplies/Binders & Binding Systems/Binders/Round Ring Binders
1653,"0,6132159815",B004A912OU,"4,27",Uni-ball,"Uni-ball Jetstream 101 Bold Point Rollerball Pens, Colored Ink, 3 Pens (1772523)",Rollerball Pens,Office Products/Office & School Supplies/Writing & Correction Supplies/Pens & Refills/Rollerball Pens
1659,"0,5438468862",B004CRSLYE,"208,37",Swingline,"Swingline Stack-and-Shred 100X Hands Free Shredder, Cross-Cut, 100 Sheets, 1-2 Users (1757571)",Shredders,Office Products/Office Electronics/Other Office Equipment/Shredders
1666,"0,6013463792",B004DMAZOC,"17,54",Swingline,"Swingline SmartTouch Compact Stapler, Reduced Effort, 25 Sheets, White/Yellow (S7066510)",Desktop Staplers,Office Products/Office & School Supplies/Staplers & Punches/Manual Staplers/Desktop Staplers
1680,"0,6132159815",B004F9QBE6,"3,99",BIC,"BIC Cristal For Her Ball Pen, 1.0mm, Black, 16ct (MSLP16-Blk)",Ballpoint Pens,Office Products/Office & School Supplies/Writing & Correction Supplies/Pens & Refills/Ballpoint Pens
1700,"0,5045808124",B004H41ID8,"6,84",Post-It,"Post-it Wall Pockets, Multiple Sizes, Clear with Dots, 3-Pack",Expanding File Jackets & Pockets,Office Products/Office & School Supplies/Filing Products/File & Folder Accessories/File Jackets & File Pockets/Expanding File Jackets & Pockets
1714,"0,4752373543",B004HY9IOO,"8,37",Wilson Jones,"Wilson Jones Recycled Bliss Binder, Round Rings, 1 Inch Capacity (W31500)",Round Ring Binders,Office Products/Office & School Supplies/Binders & Binding Systems/Binders/Round Ring Binders
1745,"0,4545015465",B004M27EOW,"8,69",Scotch,"Scotch Multi-Purpose Fasteners, 5/8 x 5/8 Inch, Black, 16 Sets per Pack (RF7061)",Mounting Tape,"Office Products/Office & School Supplies/Tape, Adhesives & Fasteners/Velcro & Mounting Products/Mounting Tape"
1759,"0,3899469349",B004NNEI94,"4,86",Scotch,"Scotch Restickable Tabs, 0.5 Inch squares, 72 Tabs (R103)",Mounting Tape,"Office Products/Office & School Supplies/Tape, Adhesives & Fasteners/Velcro & Mounting Products/Mounting Tape"
1763,"0,8845732879",B004O49F7M,"3,95",M-COMPANY,"Scotch Super Glue Liquid in Precision Applicator, 0.14 oz (AD124)",Liquid White Glues,"Office Products/Office & School Supplies/Tape, Adhesives & Fasteners/Adhesives & Glue/Liquid White Glues"
1764,"0,5644930463",B004O6M8Z6,"11,2",Sanford,"Stained by Sharpie Brush Tip Fabric Markers, 8 Colored Markers (1779005)",Markers & Highlighters,Office Products/Office & School Supplies/Writing & Correction Supplies/Markers & Highlighters
1790,"0,6557317149",B004TQ0O66,"2,99",Scotch,"Scotch Restickable Shapes,7/8 x 7/8 Inches, Orange, Pink, or Blue (colors may vary), 18 pieces (R100CS)",Mounting Tape,"Office Products/Office & School Supplies/Tape, Adhesives & Fasteners/Velcro & Mounting Products/Mounting Tape"
1793,"0,8717069935",B004U9TEEA,"3,75",Paper Mate,"Paper Mate InkJoy 300 RT Retractable Medium Point Ballpoint Pens, Assorted Colors, 8 Pack (1781564)",Rollerball Pens,Office Products/Office & School Supplies/Writing & Correction Supplies/Pens & Refills/Rollerball Pens
1796,"0,4752373543",B004UMNN2G,"11,33",Pendaflex,"Pendaflex Ready-Tab Hanging File Folder, Assorted Colors, 1/5 Cut Tabs, Letter, 20-Box",Hanging Folders & Interior Folders,Office Products/Office & School Supplies/Filing Products/Folders/Hanging Folders & Interior Folders
1798,"0,834112302",B004VJSEPO,"2,88",Avery,"Avery Sticky Notes, 3 x 3 Inches, Assorted Pastel Colors, 200-Sheets (22541)",Self-Stick Notes,Office Products/Office & School Supplies/Paper/Notebooks & Writing Pads/Self-Stick Notes
1799,"0,7600344676",B004VJSERW,4,Avery,"Avery Sticky Notes See-Through, 3 x 3 Inches, Yellow, 50 Sheets (22585)",Self-Stick Notes,Office Products/Office & School Supplies/Paper/Notebooks & Writing Pads/Self-Stick Notes
1800,"0,8132909445",B004VJSEZ4,,,"Avery Flags, 0.5 Inch, Standard Colors, 100 Flags (22569)",Self-Stick Notes,Office Products/Office & School Supplies/Paper/Notebooks & Writing Pads/Self-Stick Notes
1801,"0,7895913947",B004VJSFA8,"6,99",,"Avery Sticky Notes, Recycled, 3 x 3 Inches, Assorted Pastel Colors, 150 Sheets (22555)",Self-Stick Notes,Office Products/Office & School Supplies/Paper/Notebooks & Writing Pads/Self-Stick Notes
1803,"0,8500418235",B004VJSFG2,"8,89",Avery,"Avery Sticky Notes Cube, 3 x 3 Inches, Assorted Bold Colors, 400 Sheets (22546)",Self-Stick Notes,Office Products/Office & School Supplies/Paper/Notebooks & Writing Pads/Self-Stick Notes
1804,"0,8500418235",B004VJSG2A,,,"Avery Page Markers, 0.5 Inch, Bright Colors, 250 Markers (22549)",Self-Stick Notes,Office Products/Office & School Supplies/Paper/Notebooks & Writing Pads/Self-Stick Notes
1805,"0,6714439711",B004VJSG3E,"4,39",Avery,"Avery Sticky Notes, See-Through, Large Arrow, 2.75 x 2.75 Inches, Yellow and Magenta, 60 Sheets (22590)",Self-Stick Notes,Office Products/Office & School Supplies/Paper/Notebooks & Writing Pads/Self-Stick Notes
1806,"0,4061774205",B004VJSG6G,"5,48",Avery,"Avery Sticky Notes, Perforated, 4 x 6 Inches, Citrus Colors, Ruled, 135 Sheets (22553)",Self-Stick Notes,Office Products/Office & School Supplies/Paper/Notebooks & Writing Pads/Self-Stick Notes
1809,"0,4061774205",B004W6JOQO,"39,99",,"GP Ink Jet and Laser Paper, 8.5 x 11 Inches Letter Size, White, 3 Reams/Carton (1500 Sheets) (998072C)",Copy & Multipurpose Paper,Office Products/Office & School Supplies/Paper/Copy & Multipurpose Paper
1820,"0,4545015465",B004XOK1SU,"28,3",Scotch,"Scotch Box Sealing Tape Dispenser H122, 2 in",Packaging Tape Dispensers,"Office Products/Office & School Supplies/Tape, Adhesives & Fasteners/Tape Dispensers/Packaging Tape Dispensers"
1822,"0,8920019518",B004YGBIVQ,"2,57",Avery,"Avery Lay Flat Sticky Notes, 3 x 3 Inches, Bright Colors, 45 Sheets per Pad (3 Pack) (22594)",Self-Stick Notes,Office Products/Office & School Supplies/Paper/Notebooks & Writing Pads/Self-Stick Notes
1828,"0,7069074125",B004ZDL1CO,"5,23",Paper Mate,"Paper Mate InkJoy 700 RT Retractable Medium Point Advanced Ink Pens, 4 Colored Ink White Body Pens (1781586)",Ballpoint Pens,Office Products/Office & School Supplies/Writing & Correction Supplies/Pens & Refills/Ballpoint Pens
1830,"0,8920019518",B004ZKXC2O,"5,36",Avery,"Avery Steps Sticky Notes, Bold Colors, 150 Sheets (22592)",Self-Stick Notes,Office Products/Office & School Supplies/Paper/Notebooks & Writing Pads/Self-Stick Notes
1849,"0,5045808124",B00548SAP0,"14,93",Scotch,"Scotch Light Duty Packaging Tape 610 Clear Heat Resistant, 1 in x 72 yd (Pack of 1)",Transparent Tape,"Office Products/Office & School Supplies/Tape, Adhesives & Fasteners/Tape/Transparent Tape"
1874,"0,5794886791",B005GZ2174,"4,36",Post-It,"Post-it Super Sticky Full Adhesive Notes, 3 x 3-Inches, Assorted Ultra Colors, 4-Pads/Pack",Self-Stick Notes,Office Products/Office & School Supplies/Paper/Notebooks & Writing Pads/Self-Stick Notes
1876,"0,6557317149",B005HFJFK4,"285,29",Epson,"Epson Artisan 837 Wireless All-in-One Color Inkjet Printer, Copier, Scanner, Fax, iOS/Tablet/Smartphone/AirPrint Compatible (C11CB20201)",Photo Printers,Office Products/Office Electronics/Printers & Accessories/Printers/Photo Printers
1890,"0,7796261324",B005IVL0RS,"255,6",Epson,"Epson WorkForce 845 Wireless All-in-One Color Inkjet Printer, Copier, Scanner, Fax, iOS/Tablet/Smartphone/AirPrint Compatible (C11CB92201)",Printers,Office Products/Office Electronics/Printers & Accessories/Printers
1895,"0,6557317149",B005J7Y6GS,"34,95",Epson,Epson LabelWorks LW-400 Label Maker (C51CB70010),Label Makers,Office Products/Office Electronics/Other Office Equipment/Label Makers
1896,"0,6375898262",B005J7Y6HW,"30,88",Epson,Epson LabelWorks LW-300 Label Maker (C51CB69010),Label Makers,Office Products/Office Electronics/Other Office Equipment/Label Makers
1937,"0,7488117171",B005X9VZ70,"15,55",DYMO,DYMO LabelManager 160 Hand Held Label Maker,Label Makers,Office Products/Office Electronics/Other Office Equipment/Label Makers
1938,"0,4545015465",B005YGLA5Y,"5,55",BIC,"BIC For Her Fashion Retractable Ball Pen, Medium Point, 1.0 mm, Assorted-Fashion Ink, 2 Count (FHAP21-ASST)",Ballpoint Pens,Office Products/Office & School Supplies/Writing & Correction Supplies/Pens & Refills/Ballpoint Pens
1943,"0,8081592487",B0060J6AN6,"24,06",Bankers Box,"Bankers Box Home Organization, Large Storage Box, 2 Pack (4663701)",Storage File Boxes,Office Products/Office & School Supplies/Office Storage Supplies/Storage File Boxes
1945,"0,6714439711",B0061ZPD00,"11,31",,"Fellowes Twist and Bind All-In-One Machineless Binding Kit, 4 Pack (5226304)",Binding Covers & Paper,Office Products/Office & School Supplies/Binders & Binding Systems/Binder Accessories/Binding Covers & Paper
1951,"0,5922578664",B0063C5NMY,,,"Post-it Notes, Original Cube, 3 Inches x 3 Inches, Fruit Design, 3 Cubes Per Pack (C300-F-3PK)",Self-Stick Notes,Office Products/Office & School Supplies/Paper/Notebooks & Writing Pads/Self-Stick Notes
1964,"0,5181379416",B006IB35GG,"5,75",Paper Mate,"Paper Mate InkJoy 550 RT Retractable Medium Point Advanced Ink Pens, 4 Colored Ink Pens (1803509)",Ballpoint Pens,Office Products/Office & School Supplies/Writing & Correction Supplies/Pens & Refills/Ballpoint Pens
1982,"0,6132159815",B006W0HQ54,"16,6",Sharpie,"Sharpie 1810704 Brush Tip Permanent Marker, Assorted Colors, 12-Pack",Markers & Highlighters,Office Products/Office & School Supplies/Writing & Correction Supplies/Markers & Highlighters
2025,"0,6978870231",B007TRUWG4,"6,56",Paper Mate,"Paper Mate Quick Flip 0.7MM Mechanical Pencil Starter Set, 4 Mechanical Pencils (1808783)",Mechanical Pencils,Office Products/Office & School Supplies/Writing & Correction Supplies/Pencils/Mechanical Pencils
2029,"0,7488117171",B007XPBW1G,"39,99",Fellowes,"Bankers Box SmoothMove Picture/Mirror Box, Adjustable, 40 x 60 x 4 Inches, 3 Pack (7711401)",Mail Bags,"Office Products/Office & School Supplies/Envelopes, Mailers & Shipping Supplies/Mail Bags & Transit Sacks/Mail Bags"
2040,"0,7268125432",B0085IPYO6,"8,9",Smead,"Smead MO File Box, Letter Size, 3 inch Expansion, Navy (92020)",All-Purpose Labels,"Office Products/Office & School Supplies/Labels, Indexes & Stamps/Labels & Stickers/All-Purpose Labels"
2041,"0,7268125432",B0085IPZGS,"11,45",Smead,"Smead MO Records Filing Starter Kit, Letter Size, Assorted Colors, 9 per Pack (11803)",All-Purpose Labels,"Office Products/Office & School Supplies/Labels, Indexes & Stamps/Labels & Stickers/All-Purpose Labels"
2044,"0,6860210042",B0085IQ28I,"8,86",Smead,"Smead MO File Box, Letter Size, 3 inch Expansion, Black (92021)",All-Purpose Labels,"Office Products/Office & School Supplies/Labels, Indexes & Stamps/Labels & Stickers/All-Purpose Labels"
2045,"0,6714439711",B0085U9B7A,"1,99",Westcott,"Westcott Scissor Mouse Cuts Paper, Blue",Mouse Pads,Office Products/Office & School Supplies/Desk Accessories & Workspace Organizers/Mouse Pads & Wrist Rests/Mouse Pads
2063,"0,9319316218",B008DF54N2,"4,91",Unknown,"Post-it Full Adhesive Roll, 1 x 400, Pink, 1-Pack ,2650-P",Self-Stick Notes,Office Products/Office & School Supplies/Paper/Notebooks & Writing Pads/Self-Stick Notes
2066,"0,5644930463",B008DQXNDE,"5,51",Swingline,"Swingline Fashion Stapler, Leaf Pattern, Green (S7087824)",Desktop Staplers,Office Products/Office & School Supplies/Staplers & Punches/Manual Staplers/Desktop Staplers
2068,"0,6978870231",B008EGDW3O,"71,6",Epson,"Epson Expression Home XP-400 Wireless All-in-One Color Inkjet Printer, Copier, Scanner.  Prints from Tablet/Smartphone. AirPrint Compatible (C11CC07201)",Laser Printers,Office Products/Office Electronics/Printers & Accessories/Printers/Laser Printers
2077,"0,9165345056",B008I213WQ,"11,49",Avery,"Avery Tickets with Tear-Away Stubs, 1.75 inches x 5.5 inches, Matte White, Pack of 200 (16154)",All-Purpose Labels,"Office Products/Office & School Supplies/Labels, Indexes & Stamps/Labels & Stickers/All-Purpose Labels"
2080,"0,6445133104",B008OEHWYG,"11,56",Uni-ball,"Uni-ball Vision Elite BLX Series Stick Bold Point 5 Rollerball Pens, Colored Ink Pens (1832404)",Rollerball Pens,Office Products/Office & School Supplies/Writing & Correction Supplies/Pens & Refills/Rollerball Pens
2097,"0,7895913947",B0091DPYDU,"158,99",Epson,"Epson WorkForce WF-3540 Wireless All-in-One Color Inkjet Printer, Copier, Scanner, 2-Sided Duplex, ADF, Fax. Prints from Tablet/Smartphone. AirPrint Compatible (C11CC31201)",Inkjet Printers,Office Products/Office Electronics/Printers & Accessories/Printers/Inkjet Printers
2099,"0,7268125432",B0091UBCB6,"134,99",Epson,"Epson WorkForce WF-3520 Wireless All-in-One Color Inkjet Printer, Copier, Scanner, 2-Sided Duplex, ADF, Fax. Prints from Tablet/Smartphone. AirPrint Compatible (C11CC33201)",Inkjet Printers,Office Products/Office Electronics/Printers & Accessories/Printers/Inkjet Printers
2100,"0,5794886791",B0091Y07XG,"112,98",Epson,"Epson Expression Premium Photo XP-800 Small-in-One Wireless Color Inkjet Printer, Copier, Fax, and Scanner with auto 2 sided scanning, copying, and printing. Prints from Tablet/Smartphone.  AirPrint Compatible (C11CC45201)",Fax Machines,Office Products/Office Electronics/Fax Machines
2101,"0,6307333501",B0091Y07Y0,"93,29",Epson,"Epson Expression XP-600 Wireless Small-in-One Color Inkjet Printer, Copier, Scanner, 2-Sided Duplex. Prints from Tablet/Smartphone. AirPrint Compatible (C11CC47201)",Photo Printers,Office Products/Office Electronics/Printers & Accessories/Printers/Photo Printers
2117,"0,8845732879",B009FFQRBC,"174,12",Swingline GBC,"Swingline GBC Fusion 3100L 12 Inch Laminator, 1 Minute Warm-up, 3-7 Mil (1703076)",Laminators,Office Products/Office Electronics/Presentation Products/Laminators
2165,"0,2972221824",B00AHV7MIU,"13,25",Smead,"Smead Erasable SuperTab File Folders, 1/3-Cut Tabs, Letter, Manila, 24 per Pack (10380)",Colored,Office Products/Office & School Supplies/Filing Products/Folders/File Folders/Colored
2169,"0,4924348",B00AQ2ADJK,"22,15",,"Scotch Bi-Directional Filament Tape 8959 Transparent, 50 mm x 50 m, Conveniently Packaged (Pack of 1)",Packing Tape,"Office Products/Office & School Supplies/Envelopes, Mailers & Shipping Supplies/Packing Materials/Packing Tape"
2170,"0,6860210042",B00AQ2AGRY,"20,94",,"Scotch Color Coding Tape 690 Red, 48 mm x 66 m, Conveniently Packaged (Pack of 1)",Transparent Tape,"Office Products/Office & School Supplies/Tape, Adhesives & Fasteners/Tape/Transparent Tape"
2172,"0,438503157",B00AQ2C21C,"8,93",,"Scotch Printed Message FRAGILE HANDLE WITH CARE Box Sealing Tape 3772  White, 48 mm x 100 m, Conveniently Packaged (Pack of 1)",Packing Tape,"Office Products/Office & School Supplies/Envelopes, Mailers & Shipping Supplies/Packing Materials/Packing Tape"
2210,"0,5438468862",B00BV1XGGM,"5,05",Intertape Polymer Group,"PSC50 1.88 by 60-Yard Corru-Grip Premium Hot Melt Packing Tape, Clear",Packing Tape,"Office Products/Office & School Supplies/Envelopes, Mailers & Shipping Supplies/Packing Materials/Packing Tape"
2211,"0,4230133906",B00BWN6X78,"27,46",,"Samsill 1/2-Inch Round Ring View Speedy Spine Binders, White - 6 Pack (M18117C)",Round Ring Binders,Office Products/Office & School Supplies/Binders & Binding Systems/Binders/Round Ring Binders
2221,"0,5534765089",B00CL55JQM,"15,99",Westcott,"Acme Westcott iPoint USB Pencil Sharpener, Black (15912)",Pencil Sharpeners,Office Products/Office & School Supplies/Writing & Correction Supplies/Pencil Sharpeners
2222,"0,438503157",B00CLV8ZIU,"70,56",Scotch,"Scotch PRO Thermal Laminator, 2 Roller System, 16.06 x 4.25 x 4.96 Inches",Laminators,Office Products/Office Electronics/Presentation Products/Laminators
2224,"0,4752373543",B00CO8KZHY,,,Poliagendas Polibook Things to Do Pad Task Manager Daily Agenda,Hardcover Executive Notebooks,Office Products/Office & School Supplies/Paper/Notebooks & Writing Pads/Hardcover Executive Notebooks
2227,"0,3751565839",B00COHAJXA,"18,92",,"Five Star Zipper Binder Plus Multi Access File, 2-Inch Capacity, 13.75 x 12.12 x 3.5 Inches, Blue (72188)",Round Ring Binders,Office Products/Office & School Supplies/Binders & Binding Systems/Binders/Round Ring Binders
2230,"0,2849757672",B00CPXCVIO,"7,99",,"Wilson Jones Ultra Duty D-Ring Binder with Extra Durable Hinge, 1.5-Inch, Eggplant (W876-34-519)",D-Ring Binders,Office Products/Office & School Supplies/Binders & Binding Systems/Binders/D-Ring Binders
2231,"0,834112302",B00CPXDK2U,"8,01",Wilson Jones,"Wilson Jones Ultra Duty D-Ring View Binder with Extra Durable Hinge, 1.5-Inch, Black (W86661)",D-Ring Binders,Office Products/Office & School Supplies/Binders & Binding Systems/Binders/D-Ring Binders
2233,"0,7714083718",B00CPXFEY2,"10,99",,"Wilson Jones Heavy Duty Round Ring View Binder with Extra Durable Hinge, 3-Inch, White (W363-49WA)",View Binders,Office Products/Office & School Supplies/Binders & Binding Systems/Binders/View Binders
2236,"0,4230133906",B00CWY2KFU,"18,92",,"Five Star Zipper Binder Plus Multi Access File, 2-Inch Capacity, 13.75 x 12.12 x 3.5 Inches, Blue (72188)",Round Ring Binders,Office Products/Office & School Supplies/Binders & Binding Systems/Binders/Round Ring Binders
2237,"0,4752373543",B00CWZHA6S,"30,66",The Packaging Wholesalers,The Packaging Wholesalers 3 Cubic Feet 18-1/8 x 18 x 16 Inches Medium Moving Box with 32 ECT Room Locator Check-Off Box (BS181816MMB),Box Mailers,"Office Products/Office & School Supplies/Envelopes, Mailers & Shipping Supplies/Mailers/Box Mailers"
2242,"0,5438468862",B00D3EWHU6,"8,48",Scotch,Scotch Expressions Magic Tape/ 3/4 x 300 Inches/ Classic Triangle/ Orange/ Blue/ 3-Rolls/Pack (C214-3PK-6),Transparent Tape,"Office Products/Office & School Supplies/Tape, Adhesives & Fasteners/Tape/Transparent Tape"
2247,"0,4061774205",B00D4613Y4,"8,01",,"Five Star Split Pencil Cup, Purple (72260)",Modular Storage Systems,Office Products/Office & School Supplies/Office Storage Supplies/Modular Storage Systems
2251,"0,6445133104",B00D632TA2,,,"Quartet Cork Bulletin Board, 2 x 3 Feet, Oak Finish Frame (MWDB2436M)",Bulletin Boards,Office Products/Office & School Supplies/Presentation Boards/Bulletin Boards
2255,"0,4752373543",B00D7NYF62,"13,51",,"Quartet Magnetic Dry-Erase Board, 11 x 14 Inches, Black/Silver Frame (79367)",Dry Erase Boards,Office Products/Office & School Supplies/Presentation Boards/Dry Erase Boards
2257,"0,5181379416",B00D7NYJ2W,"2,39",,"Quartet Push Pins, 1-Inch, Assorted Colors, 30 Pack (27954)",Pins & Tacks,"Office Products/Office & School Supplies/Tape, Adhesives & Fasteners/Pins & Tacks"
2258,"0,7946168881",B00D7NYKRQ,"9,99",,"Quartet&reg; Chalkboard, 14&quot; x 14&quot;, Wood Finish Frame (90006)",Chalkboards,Office Products/Office & School Supplies/Presentation Boards/Chalkboards
2279,"0,4061774205",B00E5JUEF8,"1,64",Zebra Pen,"Zebra Stylus Pen with Super Smooth Advanced Ink- Black Ink, Onyx Barrel- 1 pack",Multifunction Writing Instruments,Office Products/Office & School Supplies/Writing & Correction Supplies/Multifunction Writing Instruments
2291,"0,8500418235",B00EVC942I,"13,99",Pilot,"Pilot MR Animal Collection Fountain Pen, Matte Blue with Leopard Accent, Medium Nib, Black Ink (91133)",Fountain Pens,Office Products/Office & School Supplies/Writing & Correction Supplies/Pens & Refills/Fountain Pens
2309,"0,3666941283",B00FW6RRW6,"6,52",,"Quartet Magnetic Notepad, 3 x 7.5 Inches, Pink (48121-PK)",Memo & Scratch Pads,Office Products/Office & School Supplies/Paper/Notebooks & Writing Pads/Memo & Scratch Pads
2316,"0,4545015465",B00FW6S3P6,"6,76",,"Quartet Magnetic Dry-Erase Board, 11 x 14 Inches, Green Frame (MHOW1114-GN)",Dry Erase Boards,Office Products/Office & School Supplies/Presentation Boards/Dry Erase Boards
2317,"0,8132909445",B00FWR9NH2,"7,29",Wilson Jones,"Wilson Jones Ultra Duty Round Ring View Binder with Extra Durable Hinge, 1-Inch, White (W87902PP2)",Round Ring Binders,Office Products/Office & School Supplies/Binders & Binding Systems/Binders/Round Ring Binders
2319,"0,2587594205",B00FX51WJK,"10,79",Wilson Jones,"Wilson Jones Ultra Duty Round Ring View Binder with Extra Durable Hinge, 2-Inch, White (W87908PP3)",Round Ring Binders,Office Products/Office & School Supplies/Binders & Binding Systems/Binders/Round Ring Binders
2321,"0,623943305",B00FZ8ZRKU,"7,49",Wilson Jones,"Wilson Jones Heavy Duty D-Ring View Binder with Extra Durable Hinge, 1-Inch, White (W385-14WPP1)",D-Ring Binders,Office Products/Office & School Supplies/Binders & Binding Systems/Binders/D-Ring Binders
2324,"0,4061774205",B00FZ909DE,"7,69",Wilson Jones,"Wilson Jones Heavy Duty D-Ring View Binder with Extra Durable Hinge, 3-Inch, White (W385-49WPP2)",D-Ring Binders,Office Products/Office & School Supplies/Binders & Binding Systems/Binders/D-Ring Binders
2326,"0,9051373316",B00G411O8G,"9,99",,"Swingline Thermal Laminating Pouch, Letter Size, Standard Thickness, 50/Pack (3202017)",Laminating Supplies,Office Products/Office Electronics/Presentation Products/Laminating Supplies
2356,"0,5045808124",B00GO4GNPC,"9,99",Swingline,"Swingline Customizable Fashion Stapler, 20 Sheets, Assorted Skins Designs (S7087880)",Desktop Staplers,Office Products/Office & School Supplies/Staplers & Punches/Manual Staplers/Desktop Staplers
2394,"0,3567661956",B00JAKXFQW,"15,17",,"Avery Textured Wraparound Labels, White, 7.85 x 1.75 Inches, Pack of 50 (08217)",All-Purpose Labels,"Office Products/Office & School Supplies/Labels, Indexes & Stamps/Labels & Stickers/All-Purpose Labels"